scheme_code,isin_growth,isin_div_reinvest,scheme_name,plan,option,nav,date,amc,category
135781,INF769K01DM9,-,Mirae Asset ELSS Tax Saver Fund,Direct Plan,Growth,58.174,21-Aug-2026,Mirae Asset Mutual Fund,Open Ended Schemes(Equity Schemes - ELSS- Tax Saver Fund)
135782,INF769K01DN7,-,Mirae Asset ELSS Tax Saver Fund,Direct Plan,IDCW,27.183,21-Aug-2026,Mirae Asset Mutual Fund,Open Ended Schemes(Equity Schemes - ELSS- Tax Saver Fund)
135784,INF769K01DK3,-,Mirae Asset ELSS Tax Saver Fund,Regular Plan,Growth,50.883,21-Aug-2026,Mirae Asset Mutual Fund,Open Ended Schemes(Equity Schemes - ELSS- Tax Saver Fund)
135783,INF769K01DL1,-,Mirae Asset ELSS Tax Saver Fund,Regular Plan,IDCW,22.838,21-Aug-2026,Mirae Asset Mutual Fund,Open Ended Schemes(Equity Schemes - ELSS- Tax Saver Fund)
151413,INF769K01JI4,INF769K01JK0,Mirae Asset Flexi Cap Fund,Direct Plan,IDCW,17.185,21-Aug-2026,Mirae Asset Mutual Fund,Open Ended Schemes(Equity Schemes - Flexi Cap Fund)
151412,INF769K01JJ2,-,Mirae Asset Flexi Cap Fund,Direct Plan,Growth,17.236,21-Aug-2026,Mirae Asset Mutual Fund,Open Ended Schemes(Equity Schemes - Flexi Cap Fund)
151414,INF769K01JG8,-,Mirae Asset Flexi Cap Fund,Regular Plan,Growth,16.373,21-Aug-2026,Mirae Asset Mutual Fund,Open Ended Schemes(Equity Schemes - Flexi Cap Fund)
151415,INF769K01JF0,INF769K01JH6,Mirae Asset Flexi Cap Fund,Regular Plan,IDCW,16.379,21-Aug-2026,Mirae Asset Mutual Fund,Open Ended Schemes(Equity Schemes - Flexi Cap Fund)
147206,INF769K01EU0,-,Mirae Asset Focused Fund,Direct Plan,Growth,28.193,21-Aug-2026,Mirae Asset Mutual Fund,Open Ended Schemes(Equity Schemes - Focused Fund)
147205,INF769K01ET2,INF769K01EW6,Mirae Asset Focused Fund,Direct Plan,IDCW,25.931,21-Aug-2026,Mirae Asset Mutual Fund,Open Ended Schemes(Equity Schemes - Focused Fund)
147203,INF769K01ES4,-,Mirae Asset Focused Fund,Regular Plan,Growth,25.581,21-Aug-2026,Mirae Asset Mutual Fund,Open Ended Schemes(Equity Schemes - Focused Fund)
147204,INF769K01ER6,INF769K01EV8,Mirae Asset Focused Fund,Regular Plan,IDCW,23.517,21-Aug-2026,Mirae Asset Mutual Fund,Open Ended Schemes(Equity Schemes - Focused Fund)
118834,INF769K01BI1,-,Mirae Asset Large & Midcap Fund,Direct Plan,Growth,180.792,21-Aug-2026,Mirae Asset Mutual Fund,Open Ended Schemes(Equity Schemes - Large & Mid Cap Fund)
118835,INF769K01BJ9,INF769K01BK7,Mirae Asset Large & Midcap Fund,Direct Plan,IDCW,84.776,21-Aug-2026,Mirae Asset Mutual Fund,Open Ended Schemes(Equity Schemes - Large & Mid Cap Fund)
112932,INF769K01101,-,Mirae Asset Large & Midcap Fund,Regular Plan,Growth,159.037,21-Aug-2026,Mirae Asset Mutual Fund,Open Ended Schemes(Equity Schemes - Large & Mid Cap Fund)
112931,INF769K01127,INF769K01119,Mirae Asset Large & Midcap Fund,Regular Plan,IDCW,48.916,21-Aug-2026,Mirae Asset Mutual Fund,Open Ended Schemes(Equity Schemes - Large & Mid Cap Fund)
118825,INF769K01AX2,-,Mirae Asset Large Cap Fund,Direct Plan,Growth,129.273,21-Aug-2026,Mirae Asset Mutual Fund,Open Ended Schemes(Equity Schemes - Large Cap Fund)
118826,INF769K01AY0,INF769K01AZ7,Mirae Asset Large Cap Fund,Direct Plan,IDCW,67.48,21-Aug-2026,Mirae Asset Mutual Fund,Open Ended Schemes(Equity Schemes - Large Cap Fund)
107578,INF769K01010,-,Mirae Asset Large Cap Fund,Regular Plan,Growth,113.483,21-Aug-2026,Mirae Asset Mutual Fund,Open Ended Schemes(Equity Schemes - Large Cap Fund)
107579,INF769K01036,INF769K01028,Mirae Asset Large Cap Fund,Regular Plan,IDCW,29.067,21-Aug-2026,Mirae Asset Mutual Fund,Open Ended Schemes(Equity Schemes - Large Cap Fund)
147445,INF769K01FA9,-,Mirae Asset Midcap Fund,Direct Plan,Growth,44.593,21-Aug-2026,Mirae Asset Mutual Fund,Open Ended Schemes(Equity Schemes - Mid Cap Fund)
147478,INF769K01EZ9,INF769K01FC5,Mirae Asset Midcap Fund,Direct Plan,IDCW,29.306,21-Aug-2026,Mirae Asset Mutual Fund,Open Ended Schemes(Equity Schemes - Mid Cap Fund)
147479,INF769K01EY2,-,Mirae Asset Midcap Fund,Regular Plan,Growth,40.745,21-Aug-2026,Mirae Asset Mutual Fund,Open Ended Schemes(Equity Schemes - Mid Cap Fund)
147480,INF769K01EX4,INF769K01FB7,Mirae Asset Midcap Fund,Regular Plan,IDCW,26.608,21-Aug-2026,Mirae Asset Mutual Fund,Open Ended Schemes(Equity Schemes - Mid Cap Fund)
151810,INF769K01KK8,-,Mirae Asset Multicap Fund,Direct Plan,Growth,15.621,21-Aug-2026,Mirae Asset Mutual Fund,Open Ended Schemes(Equity Schemes - Multi Cap Fund)
151811,INF769K01KL6,INF769K01KM4,Mirae Asset Multicap Fund,Direct Plan,IDCW,15.619,21-Aug-2026,Mirae Asset Mutual Fund,Open Ended Schemes(Equity Schemes - Multi Cap Fund)
151812,INF769K01KH4,-,Mirae Asset Multicap Fund,Regular Plan,Growth,14.944,21-Aug-2026,Mirae Asset Mutual Fund,Open Ended Schemes(Equity Schemes - Multi Cap Fund)
151813,INF769K01KI2,INF769K01KJ0,Mirae Asset Multicap Fund,Regular Plan,IDCW,14.933,21-Aug-2026,Mirae Asset Mutual Fund,Open Ended Schemes(Equity Schemes - Multi Cap Fund)
153196,INF769K01NJ4,-,Mirae Asset Small Cap Fund,Direct Plan,Growth,12.991,21-Aug-2026,Mirae Asset Mutual Fund,Open Ended Schemes(Equity Schemes - Small Cap Fund)
153197,INF769K01NL0,INF769K01NK2,Mirae Asset Small Cap Fund,Direct Plan,IDCW,12.99,21-Aug-2026,Mirae Asset Mutual Fund,Open Ended Schemes(Equity Schemes - Small Cap Fund)
153198,INF769K01NG0,-,Mirae Asset Small Cap Fund,Regular Plan,Growth,12.676,21-Aug-2026,Mirae Asset Mutual Fund,Open Ended Schemes(Equity Schemes - Small Cap Fund)
153199,INF769K01NI6,INF769K01NH8,Mirae Asset Small Cap Fund,Regular Plan,IDCW,12.679,21-Aug-2026,Mirae Asset Mutual Fund,Open Ended Schemes(Equity Schemes - Small Cap Fund)
148623,INF769K01GX9,-,Mirae Asset Banking and Financial Services Fund,Direct Plan,Growth,23.749,21-Aug-2026,Mirae Asset Mutual Fund,Open Ended Schemes(Equity Schemes - Thematic Fund)
148624,INF769K01GW1,INF769K01GY7,Mirae Asset Banking and Financial Services Fund,Direct Plan,IDCW,23.645,21-Aug-2026,Mirae Asset Mutual Fund,Open Ended Schemes(Equity Schemes - Thematic Fund)
148621,INF769K01GU5,-,Mirae Asset Banking and Financial Services Fund,Regular Plan,Growth,21.745,21-Aug-2026,Mirae Asset Mutual Fund,Open Ended Schemes(Equity Schemes - Thematic Fund)
148622,INF769K01GT7,INF769K01GV3,Mirae Asset Banking and Financial Services Fund,Regular Plan,IDCW,21.773,21-Aug-2026,Mirae Asset Mutual Fund,Open Ended Schemes(Equity Schemes - Thematic Fund)
118837,INF769K01BL5,-,Mirae Asset Great Consumer Fund,Direct Plan,Growth,115.56,21-Aug-2026,Mirae Asset Mutual Fund,Open Ended Schemes(Equity Schemes - Thematic Fund)
118838,INF769K01BM3,INF769K01BN1,Mirae Asset Great Consumer Fund,Direct Plan,IDCW,69.384,21-Aug-2026,Mirae Asset Mutual Fund,Open Ended Schemes(Equity Schemes - Thematic Fund)
114931,INF769K01135,-,Mirae Asset Great Consumer Fund,Regular Plan,Growth,95.482,21-Aug-2026,Mirae Asset Mutual Fund,Open Ended Schemes(Equity Schemes - Thematic Fund)
114930,INF769K01150,INF769K01143,Mirae Asset Great Consumer Fund,Regular Plan,IDCW,26.751,21-Aug-2026,Mirae Asset Mutual Fund,Open Ended Schemes(Equity Schemes - Thematic Fund)
143783,INF769K01ED6,-,Mirae Asset Healthcare Fund,Direct Plan,Growth,51.259,21-Aug-2026,Mirae Asset Mutual Fund,Open Ended Schemes(Equity Schemes - Thematic Fund)
143784,INF769K01EE4,INF769K01EF1,Mirae Asset Healthcare Fund,Direct Plan,IDCW,30.874,21-Aug-2026,Mirae Asset Mutual Fund,Open Ended Schemes(Equity Schemes - Thematic Fund)
143785,INF769K01EA2,-,Mirae Asset Healthcare Fund,Regular Plan,Growth,45.259,21-Aug-2026,Mirae Asset Mutual Fund,Open Ended Schemes(Equity Schemes - Thematic Fund)
143786,INF769K01EB0,INF769K01EC8,Mirae Asset Healthcare Fund,Regular Plan,IDCW,26.643,21-Aug-2026,Mirae Asset Mutual Fund,Open Ended Schemes(Equity Schemes - Thematic Fund)
153983,INF769K01PV4,-,Mirae Asset Infrastructure Fund,Direct Plan,Growth,11.638,21-Aug-2026,Mirae Asset Mutual Fund,Open Ended Schemes(Equity Schemes - Thematic Fund)
153984,INF769K01PX0,INF769K01PW2,Mirae Asset Infrastructure Fund,Direct Plan,IDCW,11.637,21-Aug-2026,Mirae Asset Mutual Fund,Open Ended Schemes(Equity Schemes - Thematic Fund)
153985,INF769K01PS0,-,Mirae Asset Infrastructure Fund,Regular Plan,Growth,11.504,21-Aug-2026,Mirae Asset Mutual Fund,Open Ended Schemes(Equity Schemes - Thematic Fund)
153986,INF769K01PU6,INF769K01PT8,Mirae Asset Infrastructure Fund,Regular Plan,IDCW,11.506,21-Aug-2026,Mirae Asset Mutual Fund,Open Ended Schemes(Equity Schemes - Thematic Fund)
153379,INF769K01OA1,-,Mirae Asset BSE 200 Equal Weight ETF,,,13.9827,21-Aug-2026,Mirae Asset Mutual Fund,Open Ended Schemes(Exchange Traded Funds (ETFs) - Equity ETF)
154061,INF769K01PY8,-,Mirae Asset BSE 500 Dividend Leaders 50 ETF,,,35.6755,21-Aug-2026,Mirae Asset Mutual Fund,Open Ended Schemes(Exchange Traded Funds (ETFs) - Equity ETF)
154182,INF769K01QC2,-,Mirae Asset BSE India Defence ETF,,,82.5228,21-Aug-2026,Mirae Asset Mutual Fund,Open Ended Schemes(Exchange Traded Funds (ETFs) - Equity ETF)
154626,INF769K01RK3,-,Mirae Asset BSE LargeMid (60:40) Stable Dividend 50 ETF,,,36.8406,21-Aug-2026,Mirae Asset Mutual Fund,Open Ended Schemes(Exchange Traded Funds (ETFs) - Equity ETF)
154471,INF769K01RC0,-,Mirae Asset BSE Midcap 150 Momentum 30 ETF,,,13.0842,21-Aug-2026,Mirae Asset Mutual Fund,Open Ended Schemes(Exchange Traded Funds (ETFs) - Equity ETF)
153384,INF769K01ON4,-,Mirae Asset BSE Select IPO ETF,,,48.8349,21-Aug-2026,Mirae Asset Mutual Fund,Open Ended Schemes(Exchange Traded Funds (ETFs) - Equity ETF)
152097,INF769K01KT9,-,Mirae Asset BSE Sensex ETF,,,80.0857,21-Aug-2026,Mirae Asset Mutual Fund,Open Ended Schemes(Exchange Traded Funds (ETFs) - Equity ETF)
148572,INF769K01GS9,-,Mirae Asset Nifty 100 ESG Sector Leaders ETF,,,41.7625,21-Aug-2026,Mirae Asset Mutual Fund,Open Ended Schemes(Exchange Traded Funds (ETFs) - Equity ETF)
151604,INF769K01JU9,-,Mirae Asset Nifty 100 Low Volatility 30 ETF,,,208.4148,21-Aug-2026,Mirae Asset Mutual Fund,Open Ended Schemes(Exchange Traded Funds (ETFs) - Equity ETF)
152134,INF769K01KU7,-,Mirae Asset Nifty 200 Alpha 30 ETF,,,26.7727,21-Aug-2026,Mirae Asset Mutual Fund,Open Ended Schemes(Exchange Traded Funds (ETFs) - Equity ETF)
145633,INF769K01EG9,-,Mirae Asset Nifty 50 ETF,,,264.0303,21-Aug-2026,Mirae Asset Mutual Fund,Open Ended Schemes(Exchange Traded Funds (ETFs) - Equity ETF)
154169,INF769K01QA6,-,Mirae Asset Nifty 500 Healthcare ETF,,,21.4579,21-Aug-2026,Mirae Asset Mutual Fund,Open Ended Schemes(Exchange Traded Funds (ETFs) - Equity ETF)
154299,INF769K01QV2,-,Mirae Asset Nifty 500 Value 50 ETF,,,16.1486,21-Aug-2026,Mirae Asset Mutual Fund,Open Ended Schemes(Exchange Traded Funds (ETFs) - Equity ETF)
151857,INF769K01KR3,-,Mirae Asset Nifty Bank ETF,,,589.4091,21-Aug-2026,Mirae Asset Mutual Fund,Open Ended Schemes(Exchange Traded Funds (ETFs) - Equity ETF)
153945,INF769K01PR2,-,Mirae Asset Nifty Energy ETF,,,38.4845,21-Aug-2026,Mirae Asset Mutual Fund,Open Ended Schemes(Exchange Traded Funds (ETFs) - Equity ETF)
152715,INF769K01LQ3,-,Mirae Asset Nifty EV and New Age Automotive ETF,,,33.6562,21-Aug-2026,Mirae Asset Mutual Fund,Open Ended Schemes(Exchange Traded Funds (ETFs) - Equity ETF)
149105,INF769K01HI8,-,Mirae Asset Nifty Financial Services ETF,,,27.328,21-Aug-2026,Mirae Asset Mutual Fund,Open Ended Schemes(Exchange Traded Funds (ETFs) - Equity ETF)
154181,INF769K01QB4,-,Mirae Asset Nifty India Infrastructure & Logistics ETF,,,12.1823,21-Aug-2026,Mirae Asset Mutual Fund,Open Ended Schemes(Exchange Traded Funds (ETFs) - Equity ETF)
153642,INF769K01PB6,-,Mirae Asset Nifty India Internet ETF,,,14.593,21-Aug-2026,Mirae Asset Mutual Fund,Open Ended Schemes(Exchange Traded Funds (ETFs) - Equity ETF)
149786,INF769K01IB1,-,Mirae Asset Nifty India Manufacturing ETF,,,167.7454,21-Aug-2026,Mirae Asset Mutual Fund,Open Ended Schemes(Exchange Traded Funds (ETFs) - Equity ETF)
153191,INF769K01NS5,-,Mirae Asset Nifty India New Age Consumption ETF,,,12.3038,21-Aug-2026,Mirae Asset Mutual Fund,Open Ended Schemes(Exchange Traded Funds (ETFs) - Equity ETF)
152155,INF769K01KV5,-,Mirae Asset Nifty IT ETF,,,32.3882,21-Aug-2026,Mirae Asset Mutual Fund,Open Ended Schemes(Exchange Traded Funds (ETFs) - Equity ETF)
152924,INF769K01LY7,-,Mirae Asset Nifty Metal ETF,,,13.3038,21-Aug-2026,Mirae Asset Mutual Fund,Open Ended Schemes(Exchange Traded Funds (ETFs) - Equity ETF)
149918,INF769K01IC9,-,Mirae Asset Nifty Midcap 150 ETF,,,23.9463,21-Aug-2026,Mirae Asset Mutual Fund,Open Ended Schemes(Exchange Traded Funds (ETFs) - Equity ETF)
152634,INF769K01LJ8,-,Mirae Asset Nifty MidSmallcap400 Momentum Quality 100 ETF,,,52.2923,21-Aug-2026,Mirae Asset Mutual Fund,Open Ended Schemes(Exchange Traded Funds (ETFs) - Equity ETF)
147906,INF769K01FN2,-,Mirae Asset Nifty Next 50 ETF,,,764.5305,21-Aug-2026,Mirae Asset Mutual Fund,Open Ended Schemes(Exchange Traded Funds (ETFs) - Equity ETF)
152929,INF769K01LZ4,-,Mirae Asset Nifty PSU Bank ETF,,,86.9746,21-Aug-2026,Mirae Asset Mutual Fund,Open Ended Schemes(Exchange Traded Funds (ETFs) - Equity ETF)
153946,INF769K01PQ4,-,Mirae Asset Nifty Smallcap 250 ETF,,,18.4756,21-Aug-2026,Mirae Asset Mutual Fund,Open Ended Schemes(Exchange Traded Funds (ETFs) - Equity ETF)
152455,INF769K01LC3,-,Mirae Asset Nifty Smallcap 250 Momentum Quality 100 ETF,,,48.8715,21-Aug-2026,Mirae Asset Mutual Fund,Open Ended Schemes(Exchange Traded Funds (ETFs) - Equity ETF)
154060,INF769K01PZ5,-,Mirae Asset Nifty Top 20 Equal Weight ETF,,,9.0018,21-Aug-2026,Mirae Asset Mutual Fund,Open Ended Schemes(Exchange Traded Funds (ETFs) - Equity ETF)
153519,INF769K01OO2,-,Mirae Asset Nifty50 Equal Weight ETF,,,334.7664,21-Aug-2026,Mirae Asset Mutual Fund,Open Ended Schemes(Exchange Traded Funds (ETFs) - Equity ETF)
152811,INF769K01LX9,-,Mirae Asset Nifty500 Multicap 50:25:25 ETF,,,16.9083,21-Aug-2026,Mirae Asset Mutual Fund,Open Ended Schemes(Exchange Traded Funds (ETFs) - Equity ETF)
149169,INF769K01HP3,-,Mirae Asset S&P 500 Top 50 ETF,,,66.6309,21-Aug-2026,Mirae Asset Mutual Fund,Open Ended Schemes(Exchange Traded Funds (ETFs) - Equity ETF)
145693,INF769K01EK1,-,Mirae Asset Equity Savings Fund,Direct Plan,Growth,23.172,21-Aug-2026,Mirae Asset Mutual Fund,Open Ended Schemes(Hybrid Schemes - Equity Savings Fund)
145694,INF769K01EJ3,INF769K01EM7,Mirae Asset Equity Savings Fund,Direct Plan,IDCW,13.857,21-Aug-2026,Mirae Asset Mutual Fund,Open Ended Schemes(Hybrid Schemes - Equity Savings Fund)
145695,INF769K01EI5,-,Mirae Asset Equity Savings Fund,Regular Plan,Growth,21.409,21-Aug-2026,Mirae Asset Mutual Fund,Open Ended Schemes(Hybrid Schemes - Equity Savings Fund)
145696,INF769K01EH7,INF769K01EL9,Mirae Asset Equity Savings Fund,Regular Plan,IDCW,12.672,21-Aug-2026,Mirae Asset Mutual Fund,Open Ended Schemes(Hybrid Schemes - Equity Savings Fund)
152972,INF769K01MQ1,-,Mirae Asset Nifty 50 Index Fund,Direct Plan,Growth,10.1232,21-Aug-2026,Mirae Asset Mutual Fund,Open Ended Schemes(Index Funds - Equity Funds)
152973,INF769K01MN8,INF769K01MM0,Mirae Asset Nifty 50 Index Fund,Direct Plan,IDCW,10.1234,21-Aug-2026,Mirae Asset Mutual Fund,Open Ended Schemes(Index Funds - Equity Funds)
152974,INF769K01MO6,-,Mirae Asset Nifty 50 Index Fund,Regular Plan,Growth,10.0071,21-Aug-2026,Mirae Asset Mutual Fund,Open Ended Schemes(Index Funds - Equity Funds)
152975,INF769K01MP3,INF769K01MR9,Mirae Asset Nifty 50 Index Fund,Regular Plan,IDCW,10.0089,21-Aug-2026,Mirae Asset Mutual Fund,Open Ended Schemes(Index Funds - Equity Funds)
152976,INF769K01MJ6,-,Mirae Asset Nifty LargeMidcap 250 Index Fund,Direct Plan,Growth,10.7248,21-Aug-2026,Mirae Asset Mutual Fund,Open Ended Schemes(Index Funds - Equity Funds)
152977,INF769K01ML2,INF769K01MK4,Mirae Asset Nifty LargeMidcap 250 Index Fund,Direct Plan,IDCW,10.7257,21-Aug-2026,Mirae Asset Mutual Fund,Open Ended Schemes(Index Funds - Equity Funds)
152978,INF769K01MG2,-,Mirae Asset Nifty LargeMidcap 250 Index Fund,Regular Plan,Growth,10.6003,21-Aug-2026,Mirae Asset Mutual Fund,Open Ended Schemes(Index Funds - Equity Funds)
152979,INF769K01MI8,INF769K01MH0,Mirae Asset Nifty LargeMidcap 250 Index Fund,Regular Plan,IDCW,10.5997,21-Aug-2026,Mirae Asset Mutual Fund,Open Ended Schemes(Index Funds - Equity Funds)
152968,INF769K01MD9,-,Mirae Asset Nifty Total Market Index Fund,Direct Plan,Growth,10.5671,21-Aug-2026,Mirae Asset Mutual Fund,Open Ended Schemes(Index Funds - Equity Funds)
152969,INF769K01ME7,INF769K01MF4,Mirae Asset Nifty Total Market Index Fund,Direct Plan,IDCW,10.5668,21-Aug-2026,Mirae Asset Mutual Fund,Open Ended Schemes(Index Funds - Equity Funds)
152970,INF769K01MA5,-,Mirae Asset Nifty Total Market Index Fund,Regular Plan,Growth,10.4362,21-Aug-2026,Mirae Asset Mutual Fund,Open Ended Schemes(Index Funds - Equity Funds)
152971,INF769K01MB3,INF769K01MC1,Mirae Asset Nifty Total Market Index Fund,Regular Plan,IDCW,10.4359,21-Aug-2026,Mirae Asset Mutual Fund,Open Ended Schemes(Index Funds - Equity Funds)
